date,market,publication,domain,category,business_name,instagram_url,instagram_handle,website,research_source,contact_route,buyer_group,category_phrase,outcome_phrase,audience_line,final_dm,quality_score,duplicate_status,last_contacted_date,notes
2026-08-24,"Athens, GA",Athens Scoop,athensscoop.com,landscaping,Rabbit Hole Landscaping & Permaculture Service,https://www.instagram.com/rabbitholelandscaping/,rabbitholelandscaping,https://rabbitholelandscaping.com/,your Google profile,marketing,homeowners and families,landscaping work,outdoor upgrade choice,"10,000+ Athens homeowners and families","Hi Rabbit Hole Landscaping & Permaculture Service! I found you through your Google profile and wanted to reach out. We run Athens Scoop, a local email publication read by 10,000+ Athens-area locals.

We’re choosing one landscaping company as our exclusive partner, meaning we won’t work with a competing landscaping company. Rabbit Hole Landscaping & Permaculture Service looked like a strong fit.

Worth a quick look? I can send a 2-minute rundown right here, no call needed.

Andrew",5,new,,"Athens context: 10,000 subscribers, 15,000 Instagram followers, and a high-LTV local audience rather than a student-only audience. | Instagram HTTP 429 | name source: google_business_profile | website category match: landscaping | market affinity: exact city address or core ZIP"
2026-08-24,"Athens, GA",Athens Scoop,athensscoop.com,catering,Blind Pig Tavern,https://www.instagram.com/blindpigtavern/,blindpigtavern,https://blindpigtavern.com/,your Google profile,partnerships,"locals planning events, weddings, and private celebrations",catering work,catering choice,"10,000+ Athens locals planning events, weddings, and private celebrations","Hi Blind Pig Tavern! I found you through your Google profile and wanted to reach out. We run Athens Scoop, a local email publication read by 10,000+ Athens-area locals.

We’re choosing one catering company as our exclusive partner, meaning we won’t work with a competing caterer. Blind Pig Tavern looked like a strong fit.

Worth a quick look? I can send a 2-minute rundown right here, no call needed.

Andrew",5,new,,"Athens context: 10,000 subscribers, 15,000 Instagram followers, and a high-LTV local audience rather than a student-only audience. | Instagram HTTP 429 | name source: google_business_profile | website category match: catering | market affinity: exact city address or core ZIP"
2026-08-24,"Athens, GA",Athens Scoop,athensscoop.com,landscaping,Sweet Onion Soil & Mulch,https://www.instagram.com/sweet_onion_athens/,sweet_onion_athens,https://sweetonionathens.com/,your Google profile,marketing,homeowners and families,landscaping work,outdoor upgrade choice,"10,000+ Athens homeowners and families","Hi Sweet Onion Soil & Mulch! I found you through your Google profile and wanted to reach out. We run Athens Scoop, a local email publication read by 10,000+ Athens-area locals.

We’re choosing one landscaping company as our exclusive partner, meaning we won’t work with a competing landscaping company. Sweet Onion Soil & Mulch looked like a strong fit.

Worth a quick look? I can send a 2-minute rundown right here, no call needed.

Andrew",5,new,,"Athens context: 10,000 subscribers, 15,000 Instagram followers, and a high-LTV local audience rather than a student-only audience. | Instagram HTTP 429 | name source: google_business_profile | website category match: landscaping | market affinity: exact city address or core ZIP"
2026-08-24,"Athens, GA",Athens Scoop,athensscoop.com,business law,Van Sant Law,https://www.instagram.com/vansantlaw/,vansantlaw,https://www.vansantlaw.com/athens-ga/personal-injury-lawyer/,your Google profile,marketing,"homeowners, families, and business owners",business law work,business law resource,"10,000+ Athens homeowners, families, and business owners","Hi Van Sant Law! I found you through your Google profile and wanted to reach out. We run Athens Scoop, a local email publication read by 10,000+ Athens-area locals.

We’re choosing one business law firm as our exclusive partner, meaning we won’t work with a competing business law firm. Van Sant Law looked like a strong fit.

Worth a quick look? I can send a 2-minute rundown right here, no call needed.

Andrew",5,new,,"Athens context: 10,000 subscribers, 15,000 Instagram followers, and a high-LTV local audience rather than a student-only audience. | Instagram HTTP 429 | name source: google_business_profile | website category match: attorney | market affinity: exact city address or core ZIP"
2026-08-24,"Athens, GA",Athens Scoop,athensscoop.com,estate law,C. David Rowe P.C,https://www.instagram.com/cdavidrowepc/,cdavidrowepc,https://www.cdavidrowepc.com/,your website,marketing,"homeowners, families, and business owners",estate planning work,estate planning resource,"10,000+ Athens homeowners, families, and business owners","Hi C. David Rowe P.C! I found you through your website and wanted to reach out. We run Athens Scoop, a local email publication read by 10,000+ Athens-area locals.

We’re choosing one estate planning law firm as our exclusive partner, meaning we won’t work with a competing estate planning firm. C. David Rowe P.C looked like a strong fit.

Worth a quick look? I can send a 2-minute rundown right here, no call needed.

Andrew",5,new,,"Athens context: 10,000 subscribers, 15,000 Instagram followers, and a high-LTV local audience rather than a student-only audience. | Instagram HTTP 429 | name source: google_business_profile | website category match: estate planning | market affinity: exact city address or core ZIP"
2026-08-24,"Athens, GA",Athens Scoop,athensscoop.com,business law,Western Circuit Public Defender,https://www.instagram.com/westerncircuitpublicdefender/,westerncircuitpublicdefender,https://www.athenspublicdefender.com/,your Google profile,marketing,"homeowners, families, and business owners",business law work,business law resource,"10,000+ Athens homeowners, families, and business owners","Hi Western Circuit Public Defender! I found you through your Google profile and wanted to reach out. We run Athens Scoop, a local email publication read by 10,000+ Athens-area locals.

We’re choosing one business law firm as our exclusive partner, meaning we won’t work with a competing business law firm. Western Circuit Public Defender looked like a strong fit.

Worth a quick look? I can send a 2-minute rundown right here, no call needed.

Andrew",5,new,,"Athens context: 10,000 subscribers, 15,000 Instagram followers, and a high-LTV local audience rather than a student-only audience. | Instagram HTTP 429 | name source: google_business_profile | website category match: attorney | market affinity: exact city address or core ZIP"
2026-08-24,"Athens, GA",Athens Scoop,athensscoop.com,business law,The Kitchens Law Firm,https://www.instagram.com/thekitchenslawfirm/,thekitchenslawfirm,https://kitchenslegal.com/,your website,marketing,"homeowners, families, and business owners",business law work,business law resource,"10,000+ Athens homeowners, families, and business owners","Hi The Kitchens Law Firm! I found you through your website and wanted to reach out. We run Athens Scoop, a local email publication read by 10,000+ Athens-area locals.

We’re choosing one business law firm as our exclusive partner, meaning we won’t work with a competing business law firm. The Kitchens Law Firm looked like a strong fit.

Worth a quick look? I can send a 2-minute rundown right here, no call needed.

Andrew",5,new,,"Athens context: 10,000 subscribers, 15,000 Instagram followers, and a high-LTV local audience rather than a student-only audience. | Instagram HTTP 429 | name source: google_business_profile | website category match: attorney | market affinity: watkinsville; explicit Athens market/service evidence"
2026-08-24,"Athens, GA",Athens Scoop,athensscoop.com,business law,Law Offices of Eric K. Krasle,https://www.instagram.com/lawofficesoferickkrasle/,lawofficesoferickkrasle,https://www.krasle.com/,your website,marketing,"homeowners, families, and business owners",business law work,business law resource,"10,000+ Athens homeowners, families, and business owners","Hi Law Offices of Eric K. Krasle! I found you through your website and wanted to reach out. We run Athens Scoop, a local email publication read by 10,000+ Athens-area locals.

We’re choosing one business law firm as our exclusive partner, meaning we won’t work with a competing business law firm. Law Offices of Eric K. Krasle looked like a strong fit.

Worth a quick look? I can send a 2-minute rundown right here, no call needed.

Andrew",5,new,,"Athens context: 10,000 subscribers, 15,000 Instagram followers, and a high-LTV local audience rather than a student-only audience. | Instagram HTTP 429 | name source: google_business_profile | website category match: attorney | market affinity: watkinsville; explicit Athens market/service evidence"
2026-08-24,"Athens, GA",Athens Scoop,athensscoop.com,landscaping,Four Seasons Lawn,https://www.instagram.com/fourseasonslawn/,fourseasonslawn,https://www.fourseasonslawnmaintenance.com/,your website,marketing,homeowners and families,landscaping work,outdoor upgrade choice,"10,000+ Athens homeowners and families","Hi Four Seasons Lawn! I found you through your website and wanted to reach out. We run Athens Scoop, a local email publication read by 10,000+ Athens-area locals.

We’re choosing one landscaping company as our exclusive partner, meaning we won’t work with a competing landscaping company. Four Seasons Lawn looked like a strong fit.

Worth a quick look? I can send a 2-minute rundown right here, no call needed.

Andrew",5,new,,"Athens context: 10,000 subscribers, 15,000 Instagram followers, and a high-LTV local audience rather than a student-only audience. | Instagram HTTP 429 | name source: google_business_profile | website category match: landscaping | market affinity: exact city address or core ZIP"
2026-08-24,"Athens, GA",Athens Scoop,athensscoop.com,cosmetic dentistry,Allen Dental,https://www.instagram.com/allen_dental/,allen_dental,https://allendentalga.com/,your website,the office,high-intent local wellness and family buyers,cosmetic dentistry work,smile upgrade option,"10,000+ Athens high-intent local wellness and family buyers","Hi Allen Dental! I found you through your website and wanted to reach out. We run Athens Scoop, a local email publication read by 10,000+ Athens-area locals.

We’re choosing one cosmetic dental practice as our exclusive partner, meaning we won’t work with a competing cosmetic dental office. Allen Dental looked like a strong fit.

Worth a quick look? I can send a 2-minute rundown right here, no call needed.

Andrew",5,new,,"Athens context: 10,000 subscribers, 15,000 Instagram followers, and a high-LTV local audience rather than a student-only audience. | Instagram HTTP 429 | name source: google_business_profile | website category match: dentist | market affinity: exact city address or core ZIP"
2026-08-24,"Athens, GA",Athens Scoop,athensscoop.com,CPA/accounting,Resource Partners,https://www.instagram.com/resource_partners/,resource_partners,https://www.resourcepartnerscpa.com/,your website,marketing,"homeowners, families, and business owners",tax and accounting work,tax and accounting resource,"10,000+ Athens homeowners, families, and business owners","Hi Resource Partners! I found you through your website and wanted to reach out. We run Athens Scoop, a local email publication read by 10,000+ Athens-area locals.

We’re choosing one accounting firm as our exclusive partner, meaning we won’t work with a competing accounting firm. Resource Partners looked like a strong fit.

Worth a quick look? I can send a 2-minute rundown right here, no call needed.

Andrew",5,new,,"Athens context: 10,000 subscribers, 15,000 Instagram followers, and a high-LTV local audience rather than a student-only audience. | Instagram HTTP 429 | name source: google_business_profile | website category match: cpa | market affinity: exact city address or core ZIP"
2026-08-24,"Athens, GA",Athens Scoop,athensscoop.com,business law,Michael B. Keene,https://www.instagram.com/michaelb/,michaelb,https://www.silverandarchibald.com/,your Google profile,marketing,"homeowners, families, and business owners",business law work,business law resource,"10,000+ Athens homeowners, families, and business owners","Hi Michael B. Keene! I found you through your Google profile and wanted to reach out. We run Athens Scoop, a local email publication read by 10,000+ Athens-area locals.

We’re choosing one business law firm as our exclusive partner, meaning we won’t work with a competing business law firm. Michael B. Keene looked like a strong fit.

Worth a quick look? I can send a 2-minute rundown right here, no call needed.

Andrew",5,new,,"Athens context: 10,000 subscribers, 15,000 Instagram followers, and a high-LTV local audience rather than a student-only audience. | Instagram HTTP 429 | name source: google_business_profile | website category match: attorney | market affinity: exact city address or core ZIP"
2026-08-24,"Athens, GA",Athens Scoop,athensscoop.com,cosmetic dentistry,Brad Hall,https://www.instagram.com/bradhall/,bradhall,https://bradhalldmd.com/,your website,the office,high-intent local wellness and family buyers,cosmetic dentistry work,smile upgrade option,"10,000+ Athens high-intent local wellness and family buyers","Hi Brad Hall! I found you through your website and wanted to reach out. We run Athens Scoop, a local email publication read by 10,000+ Athens-area locals.

We’re choosing one cosmetic dental practice as our exclusive partner, meaning we won’t work with a competing cosmetic dental office. Brad Hall looked like a strong fit.

Worth a quick look? I can send a 2-minute rundown right here, no call needed.

Andrew",5,new,,"Athens context: 10,000 subscribers, 15,000 Instagram followers, and a high-LTV local audience rather than a student-only audience. | Instagram HTTP 429 | name source: google_business_profile | website category match: dentist | market affinity: exact city address or core ZIP"
2026-08-24,"Athens, GA",Athens Scoop,athensscoop.com,business law,Slider Law,https://www.instagram.com/slider.law/,slider.law,https://www.slider.law/,your Google profile,marketing,"homeowners, families, and business owners",business law work,business law resource,"10,000+ Athens homeowners, families, and business owners","Hi Slider Law! I found you through your Google profile and wanted to reach out. We run Athens Scoop, a local email publication read by 10,000+ Athens-area locals.

We’re choosing one business law firm as our exclusive partner, meaning we won’t work with a competing business law firm. Slider Law looked like a strong fit.

Worth a quick look? I can send a 2-minute rundown right here, no call needed.

Andrew",5,new,,"Athens context: 10,000 subscribers, 15,000 Instagram followers, and a high-LTV local audience rather than a student-only audience. | Instagram HTTP 429 | name source: google_business_profile | website category match: attorney | market affinity: exact city address or core ZIP"
2026-08-24,"Athens, GA",Athens Scoop,athensscoop.com,orthodontics,Smile Doctors Orthodontics,https://www.instagram.com/smiledoctorsofficial/,smiledoctorsofficial,https://smiledoctors.com/locations/orthodontist-athens-daniells-bridge-road/,your Google profile,the office,families and parents,orthodontic reputation,orthodontic care choice,"10,000+ Athens families and parents","Hi Smile Doctors Orthodontics! I found you through your Google profile and wanted to reach out. We run Athens Scoop, a local email publication read by 10,000+ Athens-area locals.

We’re choosing one orthodontic practice as our exclusive partner, meaning we won’t work with a competing orthodontic office. Smile Doctors looked like a strong fit.

Worth a quick look? I can send a 2-minute rundown right here, no call needed.

Andrew",5,new,,"Athens context: 10,000 subscribers, 15,000 Instagram followers, and a high-LTV local audience rather than a student-only audience. | Instagram HTTP 429 | name source: google_business_profile | website category match: braces | market affinity: exact city address or core ZIP"
2026-08-24,"Athens, GA",Athens Scoop,athensscoop.com,catering,Yossi Kitchen,https://www.instagram.com/yossikitchen/,yossikitchen,https://yossikitchen.com/,your Google profile,partnerships,"locals planning events, weddings, and private celebrations",catering work,catering choice,"10,000+ Athens locals planning events, weddings, and private celebrations","Hi Yossi Kitchen! I found you through your Google profile and wanted to reach out. We run Athens Scoop, a local email publication read by 10,000+ Athens-area locals.

We’re choosing one catering company as our exclusive partner, meaning we won’t work with a competing caterer. Yossi Kitchen looked like a strong fit.

Worth a quick look? I can send a 2-minute rundown right here, no call needed.

Andrew",5,new,,"Athens context: 10,000 subscribers, 15,000 Instagram followers, and a high-LTV local audience rather than a student-only audience. | Instagram HTTP 429 | name source: google_business_profile | website category match: catering | market affinity: exact city address or core ZIP"
2026-08-24,"Athens, GA",Athens Scoop,athensscoop.com,business law,Wells and McElwee P.C,https://www.instagram.com/wmpclawyers/,wmpclawyers,https://www.wmpc-lawyers.com/?npcmp=dir%3Alocal%3A2288791%3A30606,your Google profile,marketing,"homeowners, families, and business owners",business law work,business law resource,"10,000+ Athens homeowners, families, and business owners","Hi Wells and McElwee P.C! I found you through your Google profile and wanted to reach out. We run Athens Scoop, a local email publication read by 10,000+ Athens-area locals.

We’re choosing one business law firm as our exclusive partner, meaning we won’t work with a competing business law firm. Wells and McElwee P.C looked like a strong fit.

Worth a quick look? I can send a 2-minute rundown right here, no call needed.

Andrew",5,new,,"Athens context: 10,000 subscribers, 15,000 Instagram followers, and a high-LTV local audience rather than a student-only audience. | Instagram HTTP 429 | name source: google_business_profile | website category match: attorney | market affinity: exact city address or core ZIP"
2026-08-24,"Athens, GA",Athens Scoop,athensscoop.com,business law,The Law Offices of Joshua W. Branch,https://www.instagram.com/thelawofficesofjoshuawbranch/,thelawofficesofjoshuawbranch,https://www.thegeorgiainjuryattorney.com/,your Google profile,marketing,"homeowners, families, and business owners",business law work,business law resource,"10,000+ Athens homeowners, families, and business owners","Hi The Law Offices of Joshua W. Branch! I found you through your Google profile and wanted to reach out. We run Athens Scoop, a local email publication read by 10,000+ Athens-area locals.

We’re choosing one business law firm as our exclusive partner, meaning we won’t work with a competing business law firm. The Law Offices of Joshua W. Branch looked like a strong fit.

Worth a quick look? I can send a 2-minute rundown right here, no call needed.

Andrew",5,new,,"Athens context: 10,000 subscribers, 15,000 Instagram followers, and a high-LTV local audience rather than a student-only audience. | Instagram HTTP 429 | name source: google_business_profile | website category match: attorney | market affinity: exact city address or core ZIP"
2026-08-24,"Athens, GA",Athens Scoop,athensscoop.com,catering,The Juicy Crab Athens,https://www.instagram.com/thejuicycrabofficial/,thejuicycrabofficial,https://www.thejuicycrab.com/,your Google profile,partnerships,"locals planning events, weddings, and private celebrations",catering work,catering choice,"10,000+ Athens locals planning events, weddings, and private celebrations","Hi The Juicy Crab Athens! I found you through your Google profile and wanted to reach out. We run Athens Scoop, a local email publication read by 10,000+ Athens-area locals.

We’re choosing one catering company as our exclusive partner, meaning we won’t work with a competing caterer. The Juicy Crab Athens looked like a strong fit.

Worth a quick look? I can send a 2-minute rundown right here, no call needed.

Andrew",5,new,,"Athens context: 10,000 subscribers, 15,000 Instagram followers, and a high-LTV local audience rather than a student-only audience. | Instagram HTTP 429 | name source: google_business_profile | website category match: catering | market affinity: exact city address or core ZIP"
2026-08-24,"Athens, GA",Athens Scoop,athensscoop.com,business law,The Hull Firm,https://www.instagram.com/thehullfirm/,thehullfirm,https://thehullfirmllc.com/,your Google profile,marketing,"homeowners, families, and business owners",business law work,business law resource,"10,000+ Athens homeowners, families, and business owners","Hi The Hull Firm! I found you through your Google profile and wanted to reach out. We run Athens Scoop, a local email publication read by 10,000+ Athens-area locals.

We’re choosing one business law firm as our exclusive partner, meaning we won’t work with a competing business law firm. The Hull Firm looked like a strong fit.

Worth a quick look? I can send a 2-minute rundown right here, no call needed.

Andrew",5,new,,"Athens context: 10,000 subscribers, 15,000 Instagram followers, and a high-LTV local audience rather than a student-only audience. | Instagram HTTP 429 | name source: google_business_profile | website category match: attorney | market affinity: exact city address or core ZIP"
2026-08-24,"Athens, GA",Athens Scoop,athensscoop.com,CPA/accounting,Mosley Tax Service,https://www.instagram.com/mosleytaxservice/,mosleytaxservice,https://mosleytax.com/,your Google profile,marketing,"homeowners, families, and business owners",tax and accounting work,tax and accounting resource,"10,000+ Athens homeowners, families, and business owners","Hi Mosley Tax Service! I found you through your Google profile and wanted to reach out. We run Athens Scoop, a local email publication read by 10,000+ Athens-area locals.

We’re choosing one accounting firm as our exclusive partner, meaning we won’t work with a competing accounting firm. Mosley Tax Service looked like a strong fit.

Worth a quick look? I can send a 2-minute rundown right here, no call needed.

Andrew",5,new,,"Athens context: 10,000 subscribers, 15,000 Instagram followers, and a high-LTV local audience rather than a student-only audience. | Instagram HTTP 429 | name source: google_business_profile | website category match: accounting | market affinity: exact city address or core ZIP"
2026-08-24,"Athens, GA",Athens Scoop,athensscoop.com,CPA/accounting,Marathon HR Services,https://www.instagram.com/marathonhrservices/,marathonhrservices,https://marathonhr.com/,your Google profile,marketing,"homeowners, families, and business owners",tax and accounting work,tax and accounting resource,"10,000+ Athens homeowners, families, and business owners","Hi Marathon HR Services! I found you through your Google profile and wanted to reach out. We run Athens Scoop, a local email publication read by 10,000+ Athens-area locals.

We’re choosing one accounting firm as our exclusive partner, meaning we won’t work with a competing accounting firm. Marathon HR Services looked like a strong fit.

Worth a quick look? I can send a 2-minute rundown right here, no call needed.

Andrew",5,new,,"Athens context: 10,000 subscribers, 15,000 Instagram followers, and a high-LTV local audience rather than a student-only audience. | Instagram HTTP 429 | name source: google_business_profile | website category match: cpa | market affinity: exact city address or core ZIP"
2026-08-24,"Athens, GA",Athens Scoop,athensscoop.com,business law,Law Offices of Adam M. Cain,https://www.instagram.com/lawofficesofadammcain/,lawofficesofadammcain,https://www.adamcainlaw.com/,your Google profile,marketing,"homeowners, families, and business owners",business law work,business law resource,"10,000+ Athens homeowners, families, and business owners","Hi Law Offices of Adam M. Cain! I found you through your Google profile and wanted to reach out. We run Athens Scoop, a local email publication read by 10,000+ Athens-area locals.

We’re choosing one business law firm as our exclusive partner, meaning we won’t work with a competing business law firm. Law Offices of Adam M. Cain looked like a strong fit.

Worth a quick look? I can send a 2-minute rundown right here, no call needed.

Andrew",5,new,,"Athens context: 10,000 subscribers, 15,000 Instagram followers, and a high-LTV local audience rather than a student-only audience. | Instagram HTTP 429 | name source: google_business_profile | website category match: attorney | market affinity: exact city address or core ZIP"
2026-08-24,"Athens, GA",Athens Scoop,athensscoop.com,business law,K.M. Elwell P.C,https://www.instagram.com/kmelwellpc/,kmelwellpc,http://kmelwell.com/,your Google profile,marketing,"homeowners, families, and business owners",business law work,business law resource,"10,000+ Athens homeowners, families, and business owners","Hi K.M. Elwell P.C! I found you through your Google profile and wanted to reach out. We run Athens Scoop, a local email publication read by 10,000+ Athens-area locals.

We’re choosing one business law firm as our exclusive partner, meaning we won’t work with a competing business law firm. K.M. Elwell P.C looked like a strong fit.

Worth a quick look? I can send a 2-minute rundown right here, no call needed.

Andrew",5,new,,"Athens context: 10,000 subscribers, 15,000 Instagram followers, and a high-LTV local audience rather than a student-only audience. | Instagram HTTP 429 | name source: google_business_profile | website category match: attorney | market affinity: exact city address or core ZIP"
2026-08-24,"Athens, GA",Athens Scoop,athensscoop.com,business law,Johnson Marlowe LLP,https://www.instagram.com/johnsonmarlowellp/,johnsonmarlowellp,https://www.johnsonmarlowe.com/,your Google profile,marketing,"homeowners, families, and business owners",business law work,business law resource,"10,000+ Athens homeowners, families, and business owners","Hi Johnson Marlowe LLP! I found you through your Google profile and wanted to reach out. We run Athens Scoop, a local email publication read by 10,000+ Athens-area locals.

We’re choosing one business law firm as our exclusive partner, meaning we won’t work with a competing business law firm. Johnson Marlowe LLP looked like a strong fit.

Worth a quick look? I can send a 2-minute rundown right here, no call needed.

Andrew",5,new,,"Athens context: 10,000 subscribers, 15,000 Instagram followers, and a high-LTV local audience rather than a student-only audience. | Instagram HTTP 429 | name source: google_business_profile | website category match: business law | market affinity: exact city address or core ZIP"
2026-08-24,"Athens, GA",Athens Scoop,athensscoop.com,CPA/accounting,James O. Taylor CGMA,https://www.instagram.com/jamesotaylorcgma/,jamesotaylorcgma,https://www.jamesotaylor.com/,your Google profile,marketing,"homeowners, families, and business owners",tax and accounting work,tax and accounting resource,"10,000+ Athens homeowners, families, and business owners","Hi James O. Taylor CGMA! I found you through your Google profile and wanted to reach out. We run Athens Scoop, a local email publication read by 10,000+ Athens-area locals.

We’re choosing one accounting firm as our exclusive partner, meaning we won’t work with a competing accounting firm. James O. Taylor CGMA looked like a strong fit.

Worth a quick look? I can send a 2-minute rundown right here, no call needed.

Andrew",5,new,,"Athens context: 10,000 subscribers, 15,000 Instagram followers, and a high-LTV local audience rather than a student-only audience. | Instagram HTTP 429 | name source: google_business_profile | website category match: cpa | market affinity: exact city address or core ZIP"
2026-08-24,"Athens, GA",Athens Scoop,athensscoop.com,business law,Hall & Collins Accident & Injury Lawyers,https://www.instagram.com/hcinjurylawyers/,hcinjurylawyers,https://www.hcinjurylawyers.com/,your Google profile,marketing,"homeowners, families, and business owners",business law work,business law resource,"10,000+ Athens homeowners, families, and business owners","Hi Hall & Collins Accident & Injury Lawyers! I found you through your Google profile and wanted to reach out. We run Athens Scoop, a local email publication read by 10,000+ Athens-area locals.

We’re choosing one business law firm as our exclusive partner, meaning we won’t work with a competing business law firm. Hall & Collins Accident & Injury Lawyers looked like a strong fit.

Worth a quick look? I can send a 2-minute rundown right here, no call needed.

Andrew",5,new,,"Athens context: 10,000 subscribers, 15,000 Instagram followers, and a high-LTV local audience rather than a student-only audience. | Instagram HTTP 429 | name source: google_business_profile | website category match: attorney | market affinity: exact city address or core ZIP"
2026-08-24,"Athens, GA",Athens Scoop,athensscoop.com,CPA/accounting,Garcia-Hasler Tax Group,https://www.instagram.com/garciahaslertaxgroup/,garciahaslertaxgroup,https://www.garciahasler.com/,your Google profile,marketing,"homeowners, families, and business owners",tax and accounting work,tax and accounting resource,"10,000+ Athens homeowners, families, and business owners","Hi Garcia-Hasler Tax Group! I found you through your Google profile and wanted to reach out. We run Athens Scoop, a local email publication read by 10,000+ Athens-area locals.

We’re choosing one accounting firm as our exclusive partner, meaning we won’t work with a competing accounting firm. Garcia-Hasler Tax Group looked like a strong fit.

Worth a quick look? I can send a 2-minute rundown right here, no call needed.

Andrew",5,new,,"Athens context: 10,000 subscribers, 15,000 Instagram followers, and a high-LTV local audience rather than a student-only audience. | Instagram HTTP 429 | name source: google_business_profile | website category match: accounting | market affinity: exact city address or core ZIP"
2026-08-24,"Athens, GA",Athens Scoop,athensscoop.com,catering,Fully Loaded Pizza Kitchen,https://www.instagram.com/fullyloadedpizzakitchen/,fullyloadedpizzakitchen,https://www.fullyloaded.pizza/,your Google profile,partnerships,"locals planning events, weddings, and private celebrations",catering work,catering choice,"10,000+ Athens locals planning events, weddings, and private celebrations","Hi Fully Loaded Pizza Kitchen! I found you through your Google profile and wanted to reach out. We run Athens Scoop, a local email publication read by 10,000+ Athens-area locals.

We’re choosing one catering company as our exclusive partner, meaning we won’t work with a competing caterer. Fully Loaded Pizza Kitchen looked like a strong fit.

Worth a quick look? I can send a 2-minute rundown right here, no call needed.

Andrew",5,new,,"Athens context: 10,000 subscribers, 15,000 Instagram followers, and a high-LTV local audience rather than a student-only audience. | Instagram HTTP 429 | name source: google_business_profile | website category match: catering | market affinity: exact city address or core ZIP"
2026-08-24,"Athens, GA",Athens Scoop,athensscoop.com,business law,Cowsert Heath,https://www.instagram.com/cowsertheath/,cowsertheath,https://cowsertheath.com/,your Google profile,marketing,"homeowners, families, and business owners",business law work,business law resource,"10,000+ Athens homeowners, families, and business owners","Hi Cowsert Heath! I found you through your Google profile and wanted to reach out. We run Athens Scoop, a local email publication read by 10,000+ Athens-area locals.

We’re choosing one business law firm as our exclusive partner, meaning we won’t work with a competing business law firm. Cowsert Heath looked like a strong fit.

Worth a quick look? I can send a 2-minute rundown right here, no call needed.

Andrew",5,new,,"Athens context: 10,000 subscribers, 15,000 Instagram followers, and a high-LTV local audience rather than a student-only audience. | Instagram HTTP 429 | name source: google_business_profile | website category match: attorney | market affinity: exact city address or core ZIP"
2026-08-24,"Athens, GA",Athens Scoop,athensscoop.com,CPA/accounting,Cash Accounting & Business Services,https://www.instagram.com/cashacc/,cashacc,http://www.cashacc.com/contact.php/,your Google profile,marketing,"homeowners, families, and business owners",tax and accounting work,tax and accounting resource,"10,000+ Athens homeowners, families, and business owners","Hi Cash Accounting & Business Services! I found you through your Google profile and wanted to reach out. We run Athens Scoop, a local email publication read by 10,000+ Athens-area locals.

We’re choosing one accounting firm as our exclusive partner, meaning we won’t work with a competing accounting firm. Cash Accounting & Business Services looked like a strong fit.

Worth a quick look? I can send a 2-minute rundown right here, no call needed.

Andrew",5,new,,"Athens context: 10,000 subscribers, 15,000 Instagram followers, and a high-LTV local audience rather than a student-only audience. | Instagram HTTP 200 | name source: google_business_profile | website category match: cpa | market affinity: exact city address or core ZIP"
2026-08-24,"Athens, GA",Athens Scoop,athensscoop.com,catering,Cali N Tito's,https://www.instagram.com/calintitos/,calintitos,https://cali-n-titos.grubbio.com/,your Google profile,partnerships,"locals planning events, weddings, and private celebrations",catering work,catering choice,"10,000+ Athens locals planning events, weddings, and private celebrations","Hi Cali N Tito's! I found you through your Google profile and wanted to reach out. We run Athens Scoop, a local email publication read by 10,000+ Athens-area locals.

We’re choosing one catering company as our exclusive partner, meaning we won’t work with a competing caterer. Cali N Tito's looked like a strong fit.

Worth a quick look? I can send a 2-minute rundown right here, no call needed.

Andrew",5,new,,"Athens context: 10,000 subscribers, 15,000 Instagram followers, and a high-LTV local audience rather than a student-only audience. | Instagram HTTP 429 | name source: google_business_profile | website category match: catering | market affinity: exact city address or core ZIP"
2026-08-24,"Athens, GA",Athens Scoop,athensscoop.com,catering,Butt Hutt BBQ,https://www.instagram.com/butthuttbbq/,butthuttbbq,https://www.butthuttathens.com/,your Google profile,partnerships,"locals planning events, weddings, and private celebrations",catering work,catering choice,"10,000+ Athens locals planning events, weddings, and private celebrations","Hi Butt Hutt BBQ! I found you through your Google profile and wanted to reach out. We run Athens Scoop, a local email publication read by 10,000+ Athens-area locals.

We’re choosing one catering company as our exclusive partner, meaning we won’t work with a competing caterer. Butt Hutt BBQ looked like a strong fit.

Worth a quick look? I can send a 2-minute rundown right here, no call needed.

Andrew",5,new,,"Athens context: 10,000 subscribers, 15,000 Instagram followers, and a high-LTV local audience rather than a student-only audience. | Instagram HTTP 429 | name source: google_business_profile | website category match: catering | market affinity: exact city address or core ZIP"
2026-08-24,"Athens, GA",Athens Scoop,athensscoop.com,CPA/accounting,Bennett Financial,https://www.instagram.com/bennettfinancial/,bennettfinancial,https://www.bfllc.net/,your Google profile,marketing,"homeowners, families, and business owners",tax and accounting work,tax and accounting resource,"10,000+ Athens homeowners, families, and business owners","Hi Bennett Financial! I found you through your Google profile and wanted to reach out. We run Athens Scoop, a local email publication read by 10,000+ Athens-area locals.

We’re choosing one accounting firm as our exclusive partner, meaning we won’t work with a competing accounting firm. Bennett Financial looked like a strong fit.

Worth a quick look? I can send a 2-minute rundown right here, no call needed.

Andrew",5,new,,"Athens context: 10,000 subscribers, 15,000 Instagram followers, and a high-LTV local audience rather than a student-only audience. | Instagram HTTP 429 | name source: google_business_profile | website category match: cpa | market affinity: exact city address or core ZIP"
2026-08-24,"Athens, GA",Athens Scoop,athensscoop.com,CPA/accounting,WBH Consulting,https://www.instagram.com/wbhconsulting/,wbhconsulting,https://wbhconsulting.com/,your Google profile,marketing,"homeowners, families, and business owners",tax and accounting work,tax and accounting resource,"10,000+ Athens homeowners, families, and business owners","Hi WBH Consulting! I found you through your Google profile and wanted to reach out. We run Athens Scoop, a local email publication read by 10,000+ Athens-area locals.

We’re choosing one accounting firm as our exclusive partner, meaning we won’t work with a competing accounting firm. WBH Consulting looked like a strong fit.

Worth a quick look? I can send a 2-minute rundown right here, no call needed.

Andrew",5,new,,"Athens context: 10,000 subscribers, 15,000 Instagram followers, and a high-LTV local audience rather than a student-only audience. | Instagram HTTP 429 | name source: google_business_profile | website category match: cpa | market affinity: exact city address or core ZIP"
2026-08-24,"Athens, GA",Athens Scoop,athensscoop.com,CPA/accounting,Inside Out Accounting,https://www.instagram.com/insideout/,insideout,https://insideoutatlanta.com/,your Google profile,marketing,"homeowners, families, and business owners",tax and accounting work,tax and accounting resource,"10,000+ Athens homeowners, families, and business owners","Hi Inside Out Accounting! I found you through your Google profile and wanted to reach out. We run Athens Scoop, a local email publication read by 10,000+ Athens-area locals.

We’re choosing one accounting firm as our exclusive partner, meaning we won’t work with a competing accounting firm. Inside Out Accounting looked like a strong fit.

Worth a quick look? I can send a 2-minute rundown right here, no call needed.

Andrew",5,new,,"Athens context: 10,000 subscribers, 15,000 Instagram followers, and a high-LTV local audience rather than a student-only audience. | Instagram HTTP 429 | name source: google_business_profile | website category match: accounting | market affinity: exact city address or core ZIP"
2026-08-24,"Athens, GA",Athens Scoop,athensscoop.com,CPA/accounting,Dave Barnett,https://www.instagram.com/dave_barnett/,dave_barnett,https://www.davebarnettcpa.com/,your Google profile,marketing,"homeowners, families, and business owners",tax and accounting work,tax and accounting resource,"10,000+ Athens homeowners, families, and business owners","Hi Dave Barnett! I found you through your Google profile and wanted to reach out. We run Athens Scoop, a local email publication read by 10,000+ Athens-area locals.

We’re choosing one accounting firm as our exclusive partner, meaning we won’t work with a competing accounting firm. Dave Barnett looked like a strong fit.

Worth a quick look? I can send a 2-minute rundown right here, no call needed.

Andrew",5,new,,"Athens context: 10,000 subscribers, 15,000 Instagram followers, and a high-LTV local audience rather than a student-only audience. | Instagram HTTP 429 | name source: google_business_profile | website category match: cpa | market affinity: exact city address or core ZIP"
2026-08-24,"Athens, GA",Athens Scoop,athensscoop.com,business law,Lueder Larkin & Hunter,https://www.instagram.com/luederlaw/,luederlaw,https://www.luederlaw.com/,your Google profile,marketing,"homeowners, families, and business owners",business law work,business law resource,"10,000+ Athens homeowners, families, and business owners","Hi Lueder Larkin & Hunter! I found you through your Google profile and wanted to reach out. We run Athens Scoop, a local email publication read by 10,000+ Athens-area locals.

We’re choosing one business law firm as our exclusive partner, meaning we won’t work with a competing business law firm. Lueder Larkin & Hunter looked like a strong fit.

Worth a quick look? I can send a 2-minute rundown right here, no call needed.

Andrew",5,new,,"Athens context: 10,000 subscribers, 15,000 Instagram followers, and a high-LTV local audience rather than a student-only audience. | Instagram HTTP 429 | name source: google_business_profile | website category match: attorney | market affinity: exact city address or core ZIP"
2026-08-24,"Athens, GA",Athens Scoop,athensscoop.com,business law,Morgan & Morgan Attorneys at Law P.C,https://www.instagram.com/morganlawyers/,morganlawyers,https://morganlawyers.com/,your Google profile,marketing,"homeowners, families, and business owners",business law work,business law resource,"10,000+ Athens homeowners, families, and business owners","Hi Morgan & Morgan Attorneys at Law P.C! I found you through your Google profile and wanted to reach out. We run Athens Scoop, a local email publication read by 10,000+ Athens-area locals.

We’re choosing one business law firm as our exclusive partner, meaning we won’t work with a competing business law firm. Morgan & Morgan Attorneys at Law P.C looked like a strong fit.

Worth a quick look? I can send a 2-minute rundown right here, no call needed.

Andrew",5,new,,"Athens context: 10,000 subscribers, 15,000 Instagram followers, and a high-LTV local audience rather than a student-only audience. | Instagram HTTP 429 | name source: google_business_profile | website category match: attorney | market affinity: exact city address or core ZIP"
2026-08-24,"Athens, GA",Athens Scoop,athensscoop.com,vets,Bates Animal Hospital Hunter Bates DVM,https://www.instagram.com/batesanimal/,batesanimal,http://www.batesanimalhospital.com/,your website,the office,families and parents,veterinary reputation,trusted vet,"10,000+ Athens families and parents","Hi Bates Animal Hospital Hunter Bates DVM! I found you through your website and wanted to reach out. We run Athens Scoop, a local email publication read by 10,000+ Athens-area locals.

We’re choosing one veterinary practice as our exclusive partner, meaning we won’t work with a competing veterinary office. Bates Animal Hospital Hunter Bates DVM looked like a strong fit.

Worth a quick look? I can send a 2-minute rundown right here, no call needed.

Andrew",5,new,,"Athens context: 10,000 subscribers, 15,000 Instagram followers, and a high-LTV local audience rather than a student-only audience. | Instagram HTTP 429 | name source: google_business_profile | website category match: veterinarian | market affinity: watkinsville; explicit Athens market/service evidence"
2026-08-24,"Athens, GA",Athens Scoop,athensscoop.com,CPA/accounting,Brown & McCook,https://www.instagram.com/brownmccook/,brownmccook,https://brownmccook.com/,your Google profile,marketing,"homeowners, families, and business owners",tax and accounting work,tax and accounting resource,"10,000+ Athens homeowners, families, and business owners","Hi Brown & McCook! I found you through your Google profile and wanted to reach out. We run Athens Scoop, a local email publication read by 10,000+ Athens-area locals.

We’re choosing one accounting firm as our exclusive partner, meaning we won’t work with a competing accounting firm. Brown & McCook looked like a strong fit.

Worth a quick look? I can send a 2-minute rundown right here, no call needed.

Andrew",5,new,,"Athens context: 10,000 subscribers, 15,000 Instagram followers, and a high-LTV local audience rather than a student-only audience. | Instagram HTTP 429 | name source: google_business_profile | website category match: accounting | market affinity: exact city address or core ZIP"
2026-08-24,"Athens, GA",Athens Scoop,athensscoop.com,catering,Rashe's Cuisine,https://www.instagram.com/rashecuisine/,rashecuisine,https://www.rashecuisine.com/,your Google profile,partnerships,"locals planning events, weddings, and private celebrations",catering work,catering choice,"10,000+ Athens locals planning events, weddings, and private celebrations","Hi Rashe's Cuisine! I found you through your Google profile and wanted to reach out. We run Athens Scoop, a local email publication read by 10,000+ Athens-area locals.

We’re choosing one catering company as our exclusive partner, meaning we won’t work with a competing caterer. Rashe's Cuisine looked like a strong fit.

Worth a quick look? I can send a 2-minute rundown right here, no call needed.

Andrew",5,new,,"Athens context: 10,000 subscribers, 15,000 Instagram followers, and a high-LTV local audience rather than a student-only audience. | Instagram HTTP 429 | name source: google_business_profile | website category match: catering | market affinity: exact city address or core ZIP"
2026-08-24,"Athens, GA",Athens Scoop,athensscoop.com,catering,Shane's Rib Shack,https://www.instagram.com/shanesribshack/,shanesribshack,https://www.shanesribshack.com/,your Google profile,partnerships,"locals planning events, weddings, and private celebrations",catering work,catering choice,"10,000+ Athens locals planning events, weddings, and private celebrations","Hi Shane's Rib Shack! I found you through your Google profile and wanted to reach out. We run Athens Scoop, a local email publication read by 10,000+ Athens-area locals.

We’re choosing one catering company as our exclusive partner, meaning we won’t work with a competing caterer. Shane's Rib Shack looked like a strong fit.

Worth a quick look? I can send a 2-minute rundown right here, no call needed.

Andrew",5,new,,"Athens context: 10,000 subscribers, 15,000 Instagram followers, and a high-LTV local audience rather than a student-only audience. | Instagram HTTP 429 | name source: google_business_profile | website category match: catering | market affinity: exact city address or core ZIP"
2026-08-24,"Athens, GA",Athens Scoop,athensscoop.com,CPA/accounting,The Tax Shelter,https://www.instagram.com/thetaxshelter/,thetaxshelter,https://thetaxshelter.com/,your Google profile,marketing,"homeowners, families, and business owners",tax and accounting work,tax and accounting resource,"10,000+ Athens homeowners, families, and business owners","Hi The Tax Shelter! I found you through your Google profile and wanted to reach out. We run Athens Scoop, a local email publication read by 10,000+ Athens-area locals.

We’re choosing one accounting firm as our exclusive partner, meaning we won’t work with a competing accounting firm. The Tax Shelter looked like a strong fit.

Worth a quick look? I can send a 2-minute rundown right here, no call needed.

Andrew",5,new,,"Athens context: 10,000 subscribers, 15,000 Instagram followers, and a high-LTV local audience rather than a student-only audience. | Instagram HTTP 429 | name source: google_business_profile | website category match: cpa | market affinity: exact city address or core ZIP"
2026-08-24,"Athens, GA",Athens Scoop,athensscoop.com,orthodontics,Newell Orthodontics,https://www.instagram.com/newellsmiles/,newellsmiles,https://www.newellorthodontics.com/,your Google profile,the office,families and parents,orthodontic reputation,orthodontic care choice,"10,000+ Athens families and parents","Hi Newell Orthodontics! I found you through your Google profile and wanted to reach out. We run Athens Scoop, a local email publication read by 10,000+ Athens-area locals.

We’re choosing one orthodontic practice as our exclusive partner, meaning we won’t work with a competing orthodontic office. Newell looked like a strong fit.

Worth a quick look? I can send a 2-minute rundown right here, no call needed.

Andrew",5,new,,"Athens context: 10,000 subscribers, 15,000 Instagram followers, and a high-LTV local audience rather than a student-only audience. | Instagram HTTP 429 | name source: google_business_profile | website category match: orthodontist | market affinity: watkinsville; explicit Athens market/service evidence"
2026-08-24,"Athens, GA",Athens Scoop,athensscoop.com,landscaping,Vision Landscaping & Associates,https://www.instagram.com/visionlandscapingandassociates/,visionlandscapingandassociates,https://vision-landscaping.com/,your website,marketing,homeowners and families,landscaping work,outdoor upgrade choice,"10,000+ Athens homeowners and families","Hi Vision Landscaping & Associates! I found you through your website and wanted to reach out. We run Athens Scoop, a local email publication read by 10,000+ Athens-area locals.

We’re choosing one landscaping company as our exclusive partner, meaning we won’t work with a competing landscaping company. Vision Landscaping & Associates looked like a strong fit.

Worth a quick look? I can send a 2-minute rundown right here, no call needed.

Andrew",5,new,,"Athens context: 10,000 subscribers, 15,000 Instagram followers, and a high-LTV local audience rather than a student-only audience. | Instagram HTTP 429 | name source: google_business_profile | website category match: landscaping | market affinity: exact city address or core ZIP"
2026-08-24,"Athens, GA",Athens Scoop,athensscoop.com,cosmetic dermatology,Sunny Beauty Supply,https://www.instagram.com/sunnybeautyathens/,sunnybeautyathens,https://www.shopsunnybeauty.com/,your Google profile,the office,high-intent local wellness and family buyers,skin health and aesthetics work,skin health and aesthetics option,"10,000+ Athens high-intent local wellness and family buyers","Hi Sunny Beauty Supply! I found you through your Google profile and wanted to reach out. We run Athens Scoop, a local email publication read by 10,000+ Athens-area locals.

We’re choosing one cosmetic dermatology practice as our exclusive partner, meaning we won’t work with a competing dermatology office. Sunny Beauty Supply looked like a strong fit.

Worth a quick look? I can send a 2-minute rundown right here, no call needed.

Andrew",5,new,,"Athens context: 10,000 subscribers, 15,000 Instagram followers, and a high-LTV local audience rather than a student-only audience. | Instagram HTTP 429 | name source: google_business_profile | Instagram bio/display category match: dermatology | market affinity: exact city address or core ZIP"
2026-08-24,"Athens, GA",Athens Scoop,athensscoop.com,business law,Smith Tempel,https://www.instagram.com/smithtempel/,smithtempel,https://www.srtslaw.com/67/home.htm/,your Google profile,marketing,"homeowners, families, and business owners",business law work,business law resource,"10,000+ Athens homeowners, families, and business owners","Hi Smith Tempel! I found you through your Google profile and wanted to reach out. We run Athens Scoop, a local email publication read by 10,000+ Athens-area locals.

We’re choosing one business law firm as our exclusive partner, meaning we won’t work with a competing business law firm. Smith Tempel looked like a strong fit.

Worth a quick look? I can send a 2-minute rundown right here, no call needed.

Andrew",5,new,,"Athens context: 10,000 subscribers, 15,000 Instagram followers, and a high-LTV local audience rather than a student-only audience. | Instagram HTTP 429 | name source: google_business_profile | website category match: attorney | market affinity: exact city address or core ZIP"
2026-08-24,"Athens, GA",Athens Scoop,athensscoop.com,catering,Pulaski Heights Barbecue,https://www.instagram.com/phbbq/,phbbq,https://pulaskiheightsbbq.com/,your Google profile,partnerships,"locals planning events, weddings, and private celebrations",catering work,catering choice,"10,000+ Athens locals planning events, weddings, and private celebrations","Hi Pulaski Heights Barbecue! I found you through your Google profile and wanted to reach out. We run Athens Scoop, a local email publication read by 10,000+ Athens-area locals.

We’re choosing one catering company as our exclusive partner, meaning we won’t work with a competing caterer. Pulaski Heights Barbecue looked like a strong fit.

Worth a quick look? I can send a 2-minute rundown right here, no call needed.

Andrew",5,new,,"Athens context: 10,000 subscribers, 15,000 Instagram followers, and a high-LTV local audience rather than a student-only audience. | Instagram HTTP 429 | name source: google_business_profile | website category match: catering | market affinity: exact city address or core ZIP"
2026-08-24,"Athens, GA",Athens Scoop,athensscoop.com,business law,Overend Mediation,https://www.instagram.com/overendmediation/,overendmediation,https://www.overendmediation.com/,your Google profile,marketing,"homeowners, families, and business owners",business law work,business law resource,"10,000+ Athens homeowners, families, and business owners","Hi Overend Mediation! I found you through your Google profile and wanted to reach out. We run Athens Scoop, a local email publication read by 10,000+ Athens-area locals.

We’re choosing one business law firm as our exclusive partner, meaning we won’t work with a competing business law firm. Overend Mediation looked like a strong fit.

Worth a quick look? I can send a 2-minute rundown right here, no call needed.

Andrew",5,new,,"Athens context: 10,000 subscribers, 15,000 Instagram followers, and a high-LTV local audience rather than a student-only audience. | Instagram HTTP 429 | name source: google_business_profile | website category match: attorney | market affinity: exact city address or core ZIP"
2026-08-24,"Athens, GA",Athens Scoop,athensscoop.com,business law,Nesset-Sale Jo Carol Law & Mediation,https://www.instagram.com/nessetsalemediationandlaw/,nessetsalemediationandlaw,http://www.nesset-salemediationandlaw.com/,your Google profile,marketing,"homeowners, families, and business owners",business law work,business law resource,"10,000+ Athens homeowners, families, and business owners","Hi Nesset-Sale Jo Carol Law & Mediation! I found you through your Google profile and wanted to reach out. We run Athens Scoop, a local email publication read by 10,000+ Athens-area locals.

We’re choosing one business law firm as our exclusive partner, meaning we won’t work with a competing business law firm. Nesset-Sale Jo Carol Law & Mediation looked like a strong fit.

Worth a quick look? I can send a 2-minute rundown right here, no call needed.

Andrew",5,new,,"Athens context: 10,000 subscribers, 15,000 Instagram followers, and a high-LTV local audience rather than a student-only audience. | Instagram HTTP 429 | name source: google_business_profile | website category match: attorney | market affinity: exact city address or core ZIP"
2026-08-24,"Athens, GA",Athens Scoop,athensscoop.com,landscaping,Green Acres Supplies,https://www.instagram.com/greenacressupplies/,greenacressupplies,https://www.greenacressupplies.com/,your Google profile,marketing,homeowners and families,landscaping work,outdoor upgrade choice,"10,000+ Athens homeowners and families","Hi Green Acres Supplies! I found you through your Google profile and wanted to reach out. We run Athens Scoop, a local email publication read by 10,000+ Athens-area locals.

We’re choosing one landscaping company as our exclusive partner, meaning we won’t work with a competing landscaping company. Green Acres Supplies looked like a strong fit.

Worth a quick look? I can send a 2-minute rundown right here, no call needed.

Andrew",5,new,,"Athens context: 10,000 subscribers, 15,000 Instagram followers, and a high-LTV local audience rather than a student-only audience. | Instagram HTTP 429 | name source: google_business_profile | website category match: landscaping | market affinity: exact city address or core ZIP"
2026-08-24,"Athens, GA",Athens Scoop,athensscoop.com,landscaping,Cofers Home & Garden,https://www.instagram.com/cofers_home_and_garden/,cofers_home_and_garden,https://cofers.com/,your Google profile,marketing,homeowners and families,landscaping work,outdoor upgrade choice,"10,000+ Athens homeowners and families","Hi Cofers Home & Garden! I found you through your Google profile and wanted to reach out. We run Athens Scoop, a local email publication read by 10,000+ Athens-area locals.

We’re choosing one landscaping company as our exclusive partner, meaning we won’t work with a competing landscaping company. Cofers Home & Garden looked like a strong fit.

Worth a quick look? I can send a 2-minute rundown right here, no call needed.

Andrew",5,new,,"Athens context: 10,000 subscribers, 15,000 Instagram followers, and a high-LTV local audience rather than a student-only audience. | Instagram HTTP 429 | name source: google_business_profile | website category match: lawn | market affinity: exact city address or core ZIP"
2026-08-24,"Athens, GA",Athens Scoop,athensscoop.com,catering,Amici at The Falls,https://www.instagram.com/amicihq2018/,amicihq2018,https://amici-cafe.com/,your Google profile,partnerships,"locals planning events, weddings, and private celebrations",catering work,catering choice,"10,000+ Athens locals planning events, weddings, and private celebrations","Hi Amici at The Falls! I found you through your Google profile and wanted to reach out. We run Athens Scoop, a local email publication read by 10,000+ Athens-area locals.

We’re choosing one catering company as our exclusive partner, meaning we won’t work with a competing caterer. Amici at The Falls looked like a strong fit.

Worth a quick look? I can send a 2-minute rundown right here, no call needed.

Andrew",5,new,,"Athens context: 10,000 subscribers, 15,000 Instagram followers, and a high-LTV local audience rather than a student-only audience. | Instagram HTTP 429 | name source: google_business_profile | website category match: catering | market affinity: exact city address or core ZIP"
2026-08-24,"Athens, GA",Athens Scoop,athensscoop.com,interior design,Adcock Furniture & Design,https://www.instagram.com/adcockfurnitureanddesign/,adcockfurnitureanddesign,https://adcockfurniture.com/,your website,marketing,homeowners and families,interior design work,home design choice,"10,000+ Athens homeowners and families","Hi Adcock Furniture & Design! I found you through your website and wanted to reach out. We run Athens Scoop, a local email publication read by 10,000+ Athens-area locals.

We’re choosing one interior design studio as our exclusive partner, meaning we won’t work with a competing interior design firm. Adcock Furniture & Design looked like a strong fit.

Worth a quick look? I can send a 2-minute rundown right here, no call needed.

Andrew",5,new,,"Athens context: 10,000 subscribers, 15,000 Instagram followers, and a high-LTV local audience rather than a student-only audience. | Instagram HTTP 429 | name source: google_business_profile | website category match: interior design | market affinity: bogart; explicit Athens market/service evidence"
2026-08-24,"Athens, GA",Athens Scoop,athensscoop.com,cosmetic dentistry,Athens Oral & Maxillofacial Surgery PC,https://www.instagram.com/oralsurgerydc/,oralsurgerydc,https://www.oralsurgerydc.com/,your Google profile,the office,high-intent local wellness and family buyers,cosmetic dentistry work,smile upgrade option,"10,000+ Athens high-intent local wellness and family buyers","Hi Athens Oral & Maxillofacial Surgery PC! I found you through your Google profile and wanted to reach out. We run Athens Scoop, a local email publication read by 10,000+ Athens-area locals.

We’re choosing one cosmetic dental practice as our exclusive partner, meaning we won’t work with a competing cosmetic dental office. Athens Oral & Maxillofacial Surgery PC looked like a strong fit.

Worth a quick look? I can send a 2-minute rundown right here, no call needed.

Andrew",5,new,,"Athens context: 10,000 subscribers, 15,000 Instagram followers, and a high-LTV local audience rather than a student-only audience. | Instagram HTTP 429 | name source: google_business_profile | website category match: dentist | market affinity: exact city address or core ZIP"
2026-08-24,"Athens, GA",Athens Scoop,athensscoop.com,business law,R. Alan Cleveland,https://www.instagram.com/atllawguys/,atllawguys,https://athensinjurylawyer.com/,your Google profile,marketing,"homeowners, families, and business owners",business law work,business law resource,"10,000+ Athens homeowners, families, and business owners","Hi R. Alan Cleveland! I found you through your Google profile and wanted to reach out. We run Athens Scoop, a local email publication read by 10,000+ Athens-area locals.

We’re choosing one business law firm as our exclusive partner, meaning we won’t work with a competing business law firm. R. Alan Cleveland looked like a strong fit.

Worth a quick look? I can send a 2-minute rundown right here, no call needed.

Andrew",5,new,,"Athens context: 10,000 subscribers, 15,000 Instagram followers, and a high-LTV local audience rather than a student-only audience. | Instagram HTTP 429 | name source: instagram_display_name | website category match: attorney | market affinity: exact city address or core ZIP"
2026-08-24,"Athens, GA",Athens Scoop,athensscoop.com,catering,Taziki's Mediterranean Cafe,https://www.instagram.com/tazikis/,tazikis,https://www.tazikis.com/location/athens/,your Google profile,partnerships,"locals planning events, weddings, and private celebrations",catering work,catering choice,"10,000+ Athens locals planning events, weddings, and private celebrations","Hi Taziki's Mediterranean Cafe! I found you through your Google profile and wanted to reach out. We run Athens Scoop, a local email publication read by 10,000+ Athens-area locals.

We’re choosing one catering company as our exclusive partner, meaning we won’t work with a competing caterer. Taziki's Mediterranean Cafe looked like a strong fit.

Worth a quick look? I can send a 2-minute rundown right here, no call needed.

Andrew",5,new,,"Athens context: 10,000 subscribers, 15,000 Instagram followers, and a high-LTV local audience rather than a student-only audience. | Instagram HTTP 429 | name source: google_business_profile | website category match: catering | market affinity: exact city address or core ZIP"
2026-08-24,"Athens, GA",Athens Scoop,athensscoop.com,roofing,Gary Smith Roofing,https://www.instagram.com/garysmithroofing/,garysmithroofing,https://www.garysmithroofingllc.work/,your website,marketing,homeowners and families,roofing reputation,roofing choice,"10,000+ Athens homeowners and families","Hi Gary Smith Roofing! I found you through your website and wanted to reach out. We run Athens Scoop, a local email publication read by 10,000+ Athens-area locals.

We’re choosing one roofing company as our exclusive partner, meaning we won’t work with a competing roofing company. Gary Smith looked like a strong fit.

Worth a quick look? I can send a 2-minute rundown right here, no call needed.

Andrew",5,new,,"Athens context: 10,000 subscribers, 15,000 Instagram followers, and a high-LTV local audience rather than a student-only audience. | Instagram HTTP 429 | name source: google_business_profile | website category match: roofing | market affinity: watkinsville; explicit Athens market/service evidence"
2026-08-24,"Athens, GA",Athens Scoop,athensscoop.com,pet care,University Oaks,https://www.instagram.com/universityoaks/,universityoaks,https://www.athensuniversityoaks.com/,your Google profile,marketing,families and parents,pet care concept,pet care choice,"10,000+ Athens families and parents","Hi University Oaks! I found you through your Google profile and wanted to reach out. We run Athens Scoop, a local email publication read by 10,000+ Athens-area locals.

We’re choosing one pet care business as our exclusive partner, meaning we won’t work with a competing pet care provider. University Oaks looked like a strong fit.

Worth a quick look? I can send a 2-minute rundown right here, no call needed.

Andrew",4,new,,"Athens context: 10,000 subscribers, 15,000 Instagram followers, and a high-LTV local audience rather than a student-only audience. | Instagram HTTP 429 | name source: google_business_profile | website category match: pet | market affinity: exact city address or core ZIP"
2026-08-24,"Athens, GA",Athens Scoop,athensscoop.com,catering,Sam's Club Bakery,https://www.instagram.com/samsclubbakery/,samsclubbakery,https://www.samsclub.com/club/8194-bogart-ga/bakery/,your Google profile,partnerships,"locals planning events, weddings, and private celebrations",catering work,catering choice,"10,000+ Athens locals planning events, weddings, and private celebrations","Hi Sam's Club Bakery! I found you through your Google profile and wanted to reach out. We run Athens Scoop, a local email publication read by 10,000+ Athens-area locals.

We’re choosing one catering company as our exclusive partner, meaning we won’t work with a competing caterer. Sam's Club Bakery looked like a strong fit.

Worth a quick look? I can send a 2-minute rundown right here, no call needed.

Andrew",4,new,,"Athens context: 10,000 subscribers, 15,000 Instagram followers, and a high-LTV local audience rather than a student-only audience. | Instagram HTTP 429 | name source: google_business_profile | website category match: wedding | market affinity: exact city address or core ZIP"
2026-08-24,"Athens, GA",Athens Scoop,athensscoop.com,landscaping,Go Green,https://www.instagram.com/gogreen/,gogreen,https://gogreenturf.com/,your website,marketing,homeowners and families,landscaping work,outdoor upgrade choice,"10,000+ Athens homeowners and families","Hi Go Green! I found you through your website and wanted to reach out. We run Athens Scoop, a local email publication read by 10,000+ Athens-area locals.

We’re choosing one landscaping company as our exclusive partner, meaning we won’t work with a competing landscaping company. Go Green looked like a strong fit.

Worth a quick look? I can send a 2-minute rundown right here, no call needed.

Andrew",4,new,,"Athens context: 10,000 subscribers, 15,000 Instagram followers, and a high-LTV local audience rather than a student-only audience. | Instagram HTTP 429 | name source: google_business_profile | website category match: lawn | market affinity: exact city address or core ZIP"
2026-08-24,"Athens, GA",Athens Scoop,athensscoop.com,landscaping,Gardens South Landscape & Design,https://www.instagram.com/gardens_south/,gardens_south,http://gardenssouthlandscape.com/about-us.html/,your Google profile,marketing,homeowners and families,landscaping work,outdoor upgrade choice,"10,000+ Athens homeowners and families","Hi Gardens South Landscape & Design! I found you through your Google profile and wanted to reach out. We run Athens Scoop, a local email publication read by 10,000+ Athens-area locals.

We’re choosing one landscaping company as our exclusive partner, meaning we won’t work with a competing landscaping company. Gardens South Landscape & Design looked like a strong fit.

Worth a quick look? I can send a 2-minute rundown right here, no call needed.

Andrew",4,new,,"Athens context: 10,000 subscribers, 15,000 Instagram followers, and a high-LTV local audience rather than a student-only audience. | Instagram HTTP 429 | name source: google_business_profile | website category match: landscape | market affinity: exact city address or core ZIP"
2026-08-24,"Athens, GA",Athens Scoop,athensscoop.com,landscaping,Lawnstar Maintenance,https://www.instagram.com/lawnstarmaintenance/,lawnstarmaintenance,https://www.lawnstarmaintenance.com/contact/,your website,marketing,homeowners and families,landscaping work,outdoor upgrade choice,"10,000+ Athens homeowners and families","Hi Lawnstar Maintenance! I found you through your website and wanted to reach out. We run Athens Scoop, a local email publication read by 10,000+ Athens-area locals.

We’re choosing one landscaping company as our exclusive partner, meaning we won’t work with a competing landscaping company. Lawnstar Maintenance looked like a strong fit.

Worth a quick look? I can send a 2-minute rundown right here, no call needed.

Andrew",4,new,,"Athens context: 10,000 subscribers, 15,000 Instagram followers, and a high-LTV local audience rather than a student-only audience. | Instagram HTTP 429 | name source: google_business_profile | website category match: lawn | market affinity: bogart; explicit Athens market/service evidence"
2026-08-24,"Athens, GA",Athens Scoop,athensscoop.com,CPA/accounting,World Finance,https://www.instagram.com/worldfinance/,worldfinance,https://www.loansbyworld.com/locations/branches/ga-athens-680-hwy-29-n-183/,your Google profile,marketing,"homeowners, families, and business owners",tax and accounting work,tax and accounting resource,"10,000+ Athens homeowners, families, and business owners","Hi World Finance! I found you through your Google profile and wanted to reach out. We run Athens Scoop, a local email publication read by 10,000+ Athens-area locals.

We’re choosing one accounting firm as our exclusive partner, meaning we won’t work with a competing accounting firm. World Finance looked like a strong fit.

Worth a quick look? I can send a 2-minute rundown right here, no call needed.

Andrew",4,new,,"Athens context: 10,000 subscribers, 15,000 Instagram followers, and a high-LTV local audience rather than a student-only audience. | Instagram HTTP 429 | name source: google_business_profile | website category match: tax | market affinity: exact city address or core ZIP"
2026-08-24,"Athens, GA",Athens Scoop,athensscoop.com,business law,The Law Office of R. Douglas Lenhardt,https://www.instagram.com/thelawofficeofrdouglaslenhardt/,thelawofficeofrdouglaslenhardt,https://www.lenhardtlaw.com/,your Google profile,marketing,"homeowners, families, and business owners",business law work,business law resource,"10,000+ Athens homeowners, families, and business owners","Hi The Law Office of R. Douglas Lenhardt! I found you through your Google profile and wanted to reach out. We run Athens Scoop, a local email publication read by 10,000+ Athens-area locals.

We’re choosing one business law firm as our exclusive partner, meaning we won’t work with a competing business law firm. The Law Office of R. Douglas Lenhardt looked like a strong fit.

Worth a quick look? I can send a 2-minute rundown right here, no call needed.

Andrew",4,new,,"Athens context: 10,000 subscribers, 15,000 Instagram followers, and a high-LTV local audience rather than a student-only audience. | Instagram HTTP 429 | name source: google_business_profile | website category match: law firm | market affinity: exact city address or core ZIP"
2026-08-24,"Athens, GA",Athens Scoop,athensscoop.com,remodeling,Quality Glass,https://www.instagram.com/qualityglass/,qualityglass,http://www.qualityglassathens.com/,your Google profile,marketing,homeowners and families,remodeling work,home upgrade choice,"10,000+ Athens homeowners and families","Hi Quality Glass! I found you through your Google profile and wanted to reach out. We run Athens Scoop, a local email publication read by 10,000+ Athens-area locals.

We’re choosing one remodeling company as our exclusive partner, meaning we won’t work with a competing remodeling company. Quality Glass looked like a strong fit.

Worth a quick look? I can send a 2-minute rundown right here, no call needed.

Andrew",4,new,,"Athens context: 10,000 subscribers, 15,000 Instagram followers, and a high-LTV local audience rather than a student-only audience. | Instagram HTTP 429 | name source: google_business_profile | website category match: remodel | market affinity: exact city address or core ZIP"
2026-08-24,"Athens, GA",Athens Scoop,athensscoop.com,CPA/accounting,PTX Athens Tax,https://www.instagram.com/partnerstg/,partnerstg,https://partnerstg.com/,your Google profile,marketing,"homeowners, families, and business owners",tax and accounting work,tax and accounting resource,"10,000+ Athens homeowners, families, and business owners","Hi PTX Athens Tax! I found you through your Google profile and wanted to reach out. We run Athens Scoop, a local email publication read by 10,000+ Athens-area locals.

We’re choosing one accounting firm as our exclusive partner, meaning we won’t work with a competing accounting firm. PTX Athens Tax looked like a strong fit.

Worth a quick look? I can send a 2-minute rundown right here, no call needed.

Andrew",4,new,,"Athens context: 10,000 subscribers, 15,000 Instagram followers, and a high-LTV local audience rather than a student-only audience. | Instagram HTTP 429 | name source: google_business_profile | website category match: tax | market affinity: exact city address or core ZIP"
2026-08-24,"Athens, GA",Athens Scoop,athensscoop.com,landscaping,Pallas Landscape Supply,https://www.instagram.com/pallaslandscapesupply/,pallaslandscapesupply,https://pallaslandscapesupply.com/,your Google profile,marketing,homeowners and families,landscaping work,outdoor upgrade choice,"10,000+ Athens homeowners and families","Hi Pallas Landscape Supply! I found you through your Google profile and wanted to reach out. We run Athens Scoop, a local email publication read by 10,000+ Athens-area locals.

We’re choosing one landscaping company as our exclusive partner, meaning we won’t work with a competing landscaping company. Pallas Landscape Supply looked like a strong fit.

Worth a quick look? I can send a 2-minute rundown right here, no call needed.

Andrew",4,new,,"Athens context: 10,000 subscribers, 15,000 Instagram followers, and a high-LTV local audience rather than a student-only audience. | Instagram HTTP 429 | name source: google_business_profile | website category match: landscape | market affinity: exact city address or core ZIP"
2026-08-24,"Athens, GA",Athens Scoop,athensscoop.com,catering,Magnolias Bar of Athens,https://www.instagram.com/magnoliasathens/,magnoliasathens,https://www.magnoliasath.com/,your Google profile,partnerships,"locals planning events, weddings, and private celebrations",catering work,catering choice,"10,000+ Athens locals planning events, weddings, and private celebrations","Hi Magnolias Bar of Athens! I found you through your Google profile and wanted to reach out. We run Athens Scoop, a local email publication read by 10,000+ Athens-area locals.

We’re choosing one catering company as our exclusive partner, meaning we won’t work with a competing caterer. Magnolias Bar of Athens looked like a strong fit.

Worth a quick look? I can send a 2-minute rundown right here, no call needed.

Andrew",4,new,,"Athens context: 10,000 subscribers, 15,000 Instagram followers, and a high-LTV local audience rather than a student-only audience. | Instagram HTTP 429 | name source: google_business_profile | website category match: wedding | market affinity: exact city address or core ZIP"
2026-08-24,"Athens, GA",Athens Scoop,athensscoop.com,plumbing,Lewis Plumbing,https://www.instagram.com/lewisplumbing/,lewisplumbing,http://lewisplumbingco.com/,your Google profile,marketing,homeowners and families,plumbing reputation,plumbing choice,"10,000+ Athens homeowners and families","Hi Lewis Plumbing! I found you through your Google profile and wanted to reach out. We run Athens Scoop, a local email publication read by 10,000+ Athens-area locals.

We’re choosing one plumbing company as our exclusive partner, meaning we won’t work with a competing plumbing company. Lewis looked like a strong fit.

Worth a quick look? I can send a 2-minute rundown right here, no call needed.

Andrew",4,new,,"Athens context: 10,000 subscribers, 15,000 Instagram followers, and a high-LTV local audience rather than a student-only audience. | Instagram HTTP 429 | name source: google_business_profile | website category match: plumbing | market affinity: exact city address or core ZIP"
2026-08-24,"Athens, GA",Athens Scoop,athensscoop.com,landscaping,Genesis Landscape Supply,https://www.instagram.com/genesislandscapesupply/,genesislandscapesupply,https://genesislandscapesupply.com/,your Google profile,marketing,homeowners and families,landscaping work,outdoor upgrade choice,"10,000+ Athens homeowners and families","Hi Genesis Landscape Supply! I found you through your Google profile and wanted to reach out. We run Athens Scoop, a local email publication read by 10,000+ Athens-area locals.

We’re choosing one landscaping company as our exclusive partner, meaning we won’t work with a competing landscaping company. Genesis Landscape Supply looked like a strong fit.

Worth a quick look? I can send a 2-minute rundown right here, no call needed.

Andrew",4,new,,"Athens context: 10,000 subscribers, 15,000 Instagram followers, and a high-LTV local audience rather than a student-only audience. | Instagram HTTP 429 | name source: google_business_profile | website category match: landscape | market affinity: exact city address or core ZIP"
2026-08-24,"Athens, GA",Athens Scoop,athensscoop.com,interior design,E E Architecture,https://www.instagram.com/eearchitecture/,eearchitecture,https://www.enearchitecture.com/,your Google profile,marketing,homeowners and families,interior design work,home design choice,"10,000+ Athens homeowners and families","Hi E E Architecture! I found you through your Google profile and wanted to reach out. We run Athens Scoop, a local email publication read by 10,000+ Athens-area locals.

We’re choosing one interior design studio as our exclusive partner, meaning we won’t work with a competing interior design firm. E E Architecture looked like a strong fit.

Worth a quick look? I can send a 2-minute rundown right here, no call needed.

Andrew",4,new,,"Athens context: 10,000 subscribers, 15,000 Instagram followers, and a high-LTV local audience rather than a student-only audience. | Instagram HTTP 429 | name source: google_business_profile | website category match: interior design | market affinity: exact city address or core ZIP"
2026-08-24,"Athens, GA",Athens Scoop,athensscoop.com,CPA/accounting,Credit Central,https://www.instagram.com/creditcentral/,creditcentral,https://www.creditcentralllc.com/locations/athens-georgia/,your Google profile,marketing,"homeowners, families, and business owners",tax and accounting work,tax and accounting resource,"10,000+ Athens homeowners, families, and business owners","Hi Credit Central! I found you through your Google profile and wanted to reach out. We run Athens Scoop, a local email publication read by 10,000+ Athens-area locals.

We’re choosing one accounting firm as our exclusive partner, meaning we won’t work with a competing accounting firm. Credit Central looked like a strong fit.

Worth a quick look? I can send a 2-minute rundown right here, no call needed.

Andrew",4,new,,"Athens context: 10,000 subscribers, 15,000 Instagram followers, and a high-LTV local audience rather than a student-only audience. | Instagram HTTP 429 | name source: google_business_profile | website category match: tax | market affinity: exact city address or core ZIP"
2026-08-24,"Athens, GA",Athens Scoop,athensscoop.com,business law,C.R. Chisholm Estate Attorney,https://www.instagram.com/crchisholmestateattorney/,crchisholmestateattorney,https://www.designmytrust.com/,your website,marketing,"homeowners, families, and business owners",business law work,business law resource,"10,000+ Athens homeowners, families, and business owners","Hi C.R. Chisholm Estate Attorney! I found you through your website and wanted to reach out. We run Athens Scoop, a local email publication read by 10,000+ Athens-area locals.

We’re choosing one business law firm as our exclusive partner, meaning we won’t work with a competing business law firm. C.R. Chisholm Estate Attorney looked like a strong fit.

Worth a quick look? I can send a 2-minute rundown right here, no call needed.

Andrew",4,new,,"Athens context: 10,000 subscribers, 15,000 Instagram followers, and a high-LTV local audience rather than a student-only audience. | Instagram HTTP 429 | name source: google_business_profile | website category match: attorney | market affinity: watkinsville; explicit Athens market/service evidence"
2026-08-24,"Athens, GA",Athens Scoop,athensscoop.com,business law,BOS Staffing,https://www.instagram.com/bosstaffing/,bosstaffing,https://www.bosstaff.com/,your Google profile,marketing,"homeowners, families, and business owners",business law work,business law resource,"10,000+ Athens homeowners, families, and business owners","Hi BOS Staffing! I found you through your Google profile and wanted to reach out. We run Athens Scoop, a local email publication read by 10,000+ Athens-area locals.

We’re choosing one business law firm as our exclusive partner, meaning we won’t work with a competing business law firm. BOS Staffing looked like a strong fit.

Worth a quick look? I can send a 2-minute rundown right here, no call needed.

Andrew",4,new,,"Athens context: 10,000 subscribers, 15,000 Instagram followers, and a high-LTV local audience rather than a student-only audience. | Instagram HTTP 429 | name source: google_business_profile | website category match: legal | market affinity: exact city address or core ZIP"
2026-08-24,"Athens, GA",Athens Scoop,athensscoop.com,catering,Bee's Knees Bakery,https://www.instagram.com/beeskneesbakery/,beeskneesbakery,http://www.beeskneesbakeryandgifts.com/,your Google profile,partnerships,"locals planning events, weddings, and private celebrations",catering work,catering choice,"10,000+ Athens locals planning events, weddings, and private celebrations","Hi Bee's Knees Bakery! I found you through your Google profile and wanted to reach out. We run Athens Scoop, a local email publication read by 10,000+ Athens-area locals.

We’re choosing one catering company as our exclusive partner, meaning we won’t work with a competing caterer. Bee's Knees Bakery looked like a strong fit.

Worth a quick look? I can send a 2-minute rundown right here, no call needed.

Andrew",4,new,,"Athens context: 10,000 subscribers, 15,000 Instagram followers, and a high-LTV local audience rather than a student-only audience. | Instagram HTTP 429 | name source: google_business_profile | website category match: wedding | market affinity: exact city address or core ZIP"
2026-08-24,"Athens, GA",Athens Scoop,athensscoop.com,CPA/accounting,Bankston Taxes & Associates,https://www.instagram.com/bankstontaxesandassociates/,bankstontaxesandassociates,https://www.bankstontaxes.com/,your Google profile,marketing,"homeowners, families, and business owners",tax and accounting work,tax and accounting resource,"10,000+ Athens homeowners, families, and business owners","Hi Bankston Taxes & Associates! I found you through your Google profile and wanted to reach out. We run Athens Scoop, a local email publication read by 10,000+ Athens-area locals.

We’re choosing one accounting firm as our exclusive partner, meaning we won’t work with a competing accounting firm. Bankston Taxes & Associates looked like a strong fit.

Worth a quick look? I can send a 2-minute rundown right here, no call needed.

Andrew",4,new,,"Athens context: 10,000 subscribers, 15,000 Instagram followers, and a high-LTV local audience rather than a student-only audience. | Instagram HTTP 429 | name source: google_business_profile | website category match: tax | market affinity: exact city address or core ZIP"
2026-08-24,"Athens, GA",Athens Scoop,athensscoop.com,landscaping,Aqua & Ember,https://www.instagram.com/aquaember/,aquaember,https://aquaember.com/,your Google profile,marketing,homeowners and families,landscaping work,outdoor upgrade choice,"10,000+ Athens homeowners and families","Hi Aqua & Ember! I found you through your Google profile and wanted to reach out. We run Athens Scoop, a local email publication read by 10,000+ Athens-area locals.

We’re choosing one landscaping company as our exclusive partner, meaning we won’t work with a competing landscaping company. Aqua & Ember looked like a strong fit.

Worth a quick look? I can send a 2-minute rundown right here, no call needed.

Andrew",4,new,,"Athens context: 10,000 subscribers, 15,000 Instagram followers, and a high-LTV local audience rather than a student-only audience. | Instagram HTTP 429 | name source: google_business_profile | website category match: outdoor | market affinity: exact city address or core ZIP"
2026-08-24,"Athens, GA",Athens Scoop,athensscoop.com,CPA/accounting,Masters Tax Services,https://www.instagram.com/masterstax/,masterstax,https://www.masterstaxservices.com/,your Google profile,marketing,"homeowners, families, and business owners",tax and accounting work,tax and accounting resource,"10,000+ Athens homeowners, families, and business owners","Hi Masters Tax Services! I found you through your Google profile and wanted to reach out. We run Athens Scoop, a local email publication read by 10,000+ Athens-area locals.

We’re choosing one accounting firm as our exclusive partner, meaning we won’t work with a competing accounting firm. Masters Tax Services looked like a strong fit.

Worth a quick look? I can send a 2-minute rundown right here, no call needed.

Andrew",4,new,,"Athens context: 10,000 subscribers, 15,000 Instagram followers, and a high-LTV local audience rather than a student-only audience. | Instagram HTTP 429 | name source: google_business_profile | website category match: tax | market affinity: exact city address or core ZIP"
2026-08-24,"Athens, GA",Athens Scoop,athensscoop.com,CPA/accounting,Smart Mobile Tax Service,https://www.instagram.com/smartmobile/,smartmobile,https://www.smartmobiletax.com/,your Google profile,marketing,"homeowners, families, and business owners",tax and accounting work,tax and accounting resource,"10,000+ Athens homeowners, families, and business owners","Hi Smart Mobile Tax Service! I found you through your Google profile and wanted to reach out. We run Athens Scoop, a local email publication read by 10,000+ Athens-area locals.

We’re choosing one accounting firm as our exclusive partner, meaning we won’t work with a competing accounting firm. Smart Mobile Tax Service looked like a strong fit.

Worth a quick look? I can send a 2-minute rundown right here, no call needed.

Andrew",4,new,,"Athens context: 10,000 subscribers, 15,000 Instagram followers, and a high-LTV local audience rather than a student-only audience. | Instagram HTTP 429 | name source: google_business_profile | website category match: tax | market affinity: exact city address or core ZIP"
2026-08-24,"Athens, GA",Athens Scoop,athensscoop.com,business law,Georgia Workers' Compensation Law Group,https://www.instagram.com/workers_compensation/,workers_compensation,https://georgiaworkerscomp.law/,your website,marketing,"homeowners, families, and business owners",business law work,business law resource,"10,000+ Athens homeowners, families, and business owners","Hi Georgia Workers' Compensation Law Group! I found you through your website and wanted to reach out. We run Athens Scoop, a local email publication read by 10,000+ Athens-area locals.

We’re choosing one business law firm as our exclusive partner, meaning we won’t work with a competing business law firm. Georgia Workers' Compensation Law Group looked like a strong fit.

Worth a quick look? I can send a 2-minute rundown right here, no call needed.

Andrew",4,new,,"Athens context: 10,000 subscribers, 15,000 Instagram followers, and a high-LTV local audience rather than a student-only audience. | Instagram HTTP 429 | name source: google_business_profile | website category match: attorney | market affinity: exact city address or core ZIP"
2026-08-24,"Athens, GA",Athens Scoop,athensscoop.com,business law,J. David Felt P.C,https://www.instagram.com/davidfelt/,davidfelt,https://davidfelt.com/,your website,marketing,"homeowners, families, and business owners",business law work,business law resource,"10,000+ Athens homeowners, families, and business owners","Hi J. David Felt P.C! I found you through your website and wanted to reach out. We run Athens Scoop, a local email publication read by 10,000+ Athens-area locals.

We’re choosing one business law firm as our exclusive partner, meaning we won’t work with a competing business law firm. J. David Felt P.C looked like a strong fit.

Worth a quick look? I can send a 2-minute rundown right here, no call needed.

Andrew",4,new,,"Athens context: 10,000 subscribers, 15,000 Instagram followers, and a high-LTV local audience rather than a student-only audience. | Instagram HTTP 429 | name source: google_business_profile | website category match: legal | market affinity: watkinsville; explicit Athens market/service evidence"
2026-08-24,"Athens, GA",Athens Scoop,athensscoop.com,business law,Morris Law,https://www.instagram.com/morris_law/,morris_law,https://www.vnmorrislaw.com/about/,your Google profile,marketing,"homeowners, families, and business owners",business law work,business law resource,"10,000+ Athens homeowners, families, and business owners","Hi Morris Law! I found you through your Google profile and wanted to reach out. We run Athens Scoop, a local email publication read by 10,000+ Athens-area locals.

We’re choosing one business law firm as our exclusive partner, meaning we won’t work with a competing business law firm. Morris Law looked like a strong fit.

Worth a quick look? I can send a 2-minute rundown right here, no call needed.

Andrew",4,new,,"Athens context: 10,000 subscribers, 15,000 Instagram followers, and a high-LTV local audience rather than a student-only audience. | Instagram HTTP 429 | name source: google_business_profile | website category match: legal | market affinity: exact city address or core ZIP"
2026-08-24,"Athens, GA",Athens Scoop,athensscoop.com,cosmetic dentistry,Athens Oral Surgery Center,https://www.instagram.com/athens_oral_surgery_center/,athens_oral_surgery_center,https://www.oralsurgeryathens.com/,your website,the office,high-intent local wellness and family buyers,cosmetic dentistry work,smile upgrade option,"10,000+ Athens high-intent local wellness and family buyers","Hi Athens Oral Surgery Center! I found you through your website and wanted to reach out. We run Athens Scoop, a local email publication read by 10,000+ Athens-area locals.

We’re choosing one cosmetic dental practice as our exclusive partner, meaning we won’t work with a competing cosmetic dental office. Athens Oral Surgery Center looked like a strong fit.

Worth a quick look? I can send a 2-minute rundown right here, no call needed.

Andrew",4,new,,"Athens context: 10,000 subscribers, 15,000 Instagram followers, and a high-LTV local audience rather than a student-only audience. | Instagram HTTP 429 | name source: google_business_profile | website category match: dental | market affinity: watkinsville; explicit Athens market/service evidence"
2026-08-24,"Athens, GA",Athens Scoop,athensscoop.com,landscaping,Landscape Designers of Athens,https://www.instagram.com/landscapedesigners/,landscapedesigners,https://landscapedesignersathens.com/,your website,marketing,homeowners and families,landscaping work,outdoor upgrade choice,"10,000+ Athens homeowners and families","Hi Landscape Designers of Athens! I found you through your website and wanted to reach out. We run Athens Scoop, a local email publication read by 10,000+ Athens-area locals.

We’re choosing one landscaping company as our exclusive partner, meaning we won’t work with a competing landscaping company. Landscape Designers of Athens looked like a strong fit.

Worth a quick look? I can send a 2-minute rundown right here, no call needed.

Andrew",4,new,,"Athens context: 10,000 subscribers, 15,000 Instagram followers, and a high-LTV local audience rather than a student-only audience. | Instagram HTTP 429 | name source: google_business_profile | website category match: landscape | market affinity: bogart; explicit Athens market/service evidence"
2026-08-24,"Athens, GA",Athens Scoop,athensscoop.com,landscaping,Turf Rangers,https://www.instagram.com/turfrangers/,turfrangers,https://goturfpros.com,your website,marketing,homeowners and families,landscaping work,outdoor upgrade choice,"10,000+ Athens homeowners and families","Hi Turf Rangers! I found you through your website and wanted to reach out. We run Athens Scoop, a local email publication read by 10,000+ Athens-area locals.

We’re choosing one landscaping company as our exclusive partner, meaning we won’t work with a competing landscaping company. Turf Rangers looked like a strong fit.

Worth a quick look? I can send a 2-minute rundown right here, no call needed.

Andrew",4,new,,"Athens context: 10,000 subscribers, 15,000 Instagram followers, and a high-LTV local audience rather than a student-only audience. | Instagram HTTP 429 | name source: google_business_profile | website category match: lawn | market affinity: watkinsville; explicit Athens market/service evidence"
2026-08-24,"Athens, GA",Athens Scoop,athensscoop.com,roofing,Assurance Residential,https://www.instagram.com/assurance_residential_roofing/,assurance_residential_roofing,http://www.assuranceresidential.com/,your Google profile,marketing,homeowners and families,roofing reputation,roofing choice,"10,000+ Athens homeowners and families","Hi Assurance Residential! I found you through your Google profile and wanted to reach out. We run Athens Scoop, a local email publication read by 10,000+ Athens-area locals.

We’re choosing one roofing company as our exclusive partner, meaning we won’t work with a competing roofing company. Assurance Residential looked like a strong fit.

Worth a quick look? I can send a 2-minute rundown right here, no call needed.

Andrew",4,new,,"Athens context: 10,000 subscribers, 15,000 Instagram followers, and a high-LTV local audience rather than a student-only audience. | Instagram HTTP 429 | name source: google_business_profile | Instagram bio/display category match: roof | market affinity: exact city address or core ZIP"
2026-08-24,"Athens, GA",Athens Scoop,athensscoop.com,orthodontics,Trek Prosthetics & Orthotics,https://www.instagram.com/trek_prosthetics/,trek_prosthetics,https://www.trekprosthetics.com/,your Google profile,the office,families and parents,orthodontic reputation,orthodontic care choice,"10,000+ Athens families and parents","Hi Trek Prosthetics & Orthotics! I found you through your Google profile and wanted to reach out. We run Athens Scoop, a local email publication read by 10,000+ Athens-area locals.

We’re choosing one orthodontic practice as our exclusive partner, meaning we won’t work with a competing orthodontic office. Trek Prosthetics & Orthotics looked like a strong fit.

Worth a quick look? I can send a 2-minute rundown right here, no call needed.

Andrew",4,new,,"Athens context: 10,000 subscribers, 15,000 Instagram followers, and a high-LTV local audience rather than a student-only audience. | Instagram HTTP 429 | name source: google_business_profile | Instagram bio/display category match: orthodontics | market affinity: exact city address or core ZIP"
2026-08-24,"Athens, GA",Athens Scoop,athensscoop.com,pet care,BUSdown Mobile Kutz,https://www.instagram.com/thecutapp/,thecutapp,https://search.thecut.co/barbers/busdown-jc51jtw/,your Google profile,marketing,families and parents,pet care concept,pet care choice,"10,000+ Athens families and parents","Hi BUSdown Mobile Kutz! I found you through your Google profile and wanted to reach out. We run Athens Scoop, a local email publication read by 10,000+ Athens-area locals.

We’re choosing one pet care business as our exclusive partner, meaning we won’t work with a competing pet care provider. BUSdown Mobile Kutz looked like a strong fit.

Worth a quick look? I can send a 2-minute rundown right here, no call needed.

Andrew",4,new,,"Athens context: 10,000 subscribers, 15,000 Instagram followers, and a high-LTV local audience rather than a student-only audience. | Instagram HTTP 429 | name source: google_business_profile | Instagram bio/display category match: pet | market affinity: exact city address or core ZIP"
2026-08-24,"Athens, GA",Athens Scoop,athensscoop.com,landscaping,Athens Wholesale Nursery,https://www.instagram.com/wholesalenursery/,wholesalenursery,https://athenswholesalenursery.com/,your Google profile,marketing,homeowners and families,landscaping work,outdoor upgrade choice,"10,000+ Athens homeowners and families","Hi Athens Wholesale Nursery! I found you through your Google profile and wanted to reach out. We run Athens Scoop, a local email publication read by 10,000+ Athens-area locals.

We’re choosing one landscaping company as our exclusive partner, meaning we won’t work with a competing landscaping company. Athens Wholesale Nursery looked like a strong fit.

Worth a quick look? I can send a 2-minute rundown right here, no call needed.

Andrew",4,new,,"Athens context: 10,000 subscribers, 15,000 Instagram followers, and a high-LTV local audience rather than a student-only audience. | Instagram HTTP 429 | name source: google_business_profile | website category match: landscape | market affinity: exact city address or core ZIP"
2026-08-24,"Athens, GA",Athens Scoop,athensscoop.com,landscaping,All About Pinestraw,https://www.instagram.com/allaboutpinestraw/,allaboutpinestraw,https://allaboutpinestraw.com/,your website,marketing,homeowners and families,landscaping work,outdoor upgrade choice,"10,000+ Athens homeowners and families","Hi All About Pinestraw! I found you through your website and wanted to reach out. We run Athens Scoop, a local email publication read by 10,000+ Athens-area locals.

We’re choosing one landscaping company as our exclusive partner, meaning we won’t work with a competing landscaping company. All About Pinestraw looked like a strong fit.

Worth a quick look? I can send a 2-minute rundown right here, no call needed.

Andrew",4,new,,"Athens context: 10,000 subscribers, 15,000 Instagram followers, and a high-LTV local audience rather than a student-only audience. | Instagram HTTP 429 | name source: google_business_profile | website category match: landscape | market affinity: exact city address or core ZIP"
2026-08-24,"Athens, GA",Athens Scoop,athensscoop.com,landscaping,Oconee Well Drillers,https://www.instagram.com/oconeewelldrillers/,oconeewelldrillers,https://oconeewell.com/,your website,marketing,homeowners and families,landscaping work,outdoor upgrade choice,"10,000+ Athens homeowners and families","Hi Oconee Well Drillers! I found you through your website and wanted to reach out. We run Athens Scoop, a local email publication read by 10,000+ Athens-area locals.

We’re choosing one landscaping company as our exclusive partner, meaning we won’t work with a competing landscaping company. Oconee Well Drillers looked like a strong fit.

Worth a quick look? I can send a 2-minute rundown right here, no call needed.

Andrew",4,new,,"Athens context: 10,000 subscribers, 15,000 Instagram followers, and a high-LTV local audience rather than a student-only audience. | Instagram HTTP 429 | name source: google_business_profile | website category match: landscaping | market affinity: watkinsville; explicit Athens market/service evidence"
2026-08-24,"Athens, GA",Athens Scoop,athensscoop.com,business law,Mitch Harris Attorney at Law,https://www.instagram.com/mitchharrisattorneyatlaw/,mitchharrisattorneyatlaw,http://www.harrispatent.com/,your Google profile,marketing,"homeowners, families, and business owners",business law work,business law resource,"10,000+ Athens homeowners, families, and business owners","Hi Mitch Harris Attorney at Law! I found you through your Google profile and wanted to reach out. We run Athens Scoop, a local email publication read by 10,000+ Athens-area locals.

We’re choosing one business law firm as our exclusive partner, meaning we won’t work with a competing business law firm. Mitch Harris Attorney at Law looked like a strong fit.

Worth a quick look? I can send a 2-minute rundown right here, no call needed.

Andrew",4,new,,"Athens context: 10,000 subscribers, 15,000 Instagram followers, and a high-LTV local audience rather than a student-only audience. | Instagram HTTP 429 | name source: google_business_profile | website category match: attorney | market affinity: exact city address or core ZIP"
2026-08-24,"Athens, GA",Athens Scoop,athensscoop.com,business law,Larrison Law Firm Auto Accident and Personal Injury Attorneys,https://www.instagram.com/larrisonlawfirm/,larrisonlawfirm,https://larrisonlawfirm.com/athens-injury/,your Google profile,marketing,"homeowners, families, and business owners",business law work,business law resource,"10,000+ Athens homeowners, families, and business owners","Hi Larrison Law Firm Auto Accident and Personal Injury Attorneys! I found you through your Google profile and wanted to reach out. We run Athens Scoop, a local email publication read by 10,000+ Athens-area locals.

We’re choosing one business law firm as our exclusive partner, meaning we won’t work with a competing business law firm. Larrison Law Firm Auto Accident and Personal Injury Attorneys looked like a strong fit.

Worth a quick look? I can send a 2-minute rundown right here, no call needed.

Andrew",4,new,,"Athens context: 10,000 subscribers, 15,000 Instagram followers, and a high-LTV local audience rather than a student-only audience. | Instagram HTTP 429 | name source: google_business_profile | website category match: law firm | market affinity: exact city address or core ZIP"
2026-08-24,"Athens, GA",Athens Scoop,athensscoop.com,landscaping,Fire Watch Georgia,https://www.instagram.com/firewatch/,firewatch,https://www.usfireagency.com/,your Google profile,marketing,homeowners and families,landscaping work,outdoor upgrade choice,"10,000+ Athens homeowners and families","Hi Fire Watch Georgia! I found you through your Google profile and wanted to reach out. We run Athens Scoop, a local email publication read by 10,000+ Athens-area locals.

We’re choosing one landscaping company as our exclusive partner, meaning we won’t work with a competing landscaping company. Fire Watch Georgia looked like a strong fit.

Worth a quick look? I can send a 2-minute rundown right here, no call needed.

Andrew",4,new,,"Athens context: 10,000 subscribers, 15,000 Instagram followers, and a high-LTV local audience rather than a student-only audience. | Instagram HTTP 429 | name source: google_business_profile | website category match: outdoor | market affinity: exact city address or core ZIP"
2026-08-24,"Athens, GA",Athens Scoop,athensscoop.com,remodeling,Elizabeth Hodgson Mure House,https://www.instagram.com/elizabethhodgsonmurehouse/,elizabethhodgsonmurehouse,http://www.iliveinathens.com/contact-us.html/,your Google profile,marketing,homeowners and families,remodeling work,home upgrade choice,"10,000+ Athens homeowners and families","Hi Elizabeth Hodgson Mure House! I found you through your Google profile and wanted to reach out. We run Athens Scoop, a local email publication read by 10,000+ Athens-area locals.

We’re choosing one remodeling company as our exclusive partner, meaning we won’t work with a competing remodeling company. Elizabeth Hodgson Mure House looked like a strong fit.

Worth a quick look? I can send a 2-minute rundown right here, no call needed.

Andrew",4,new,,"Athens context: 10,000 subscribers, 15,000 Instagram followers, and a high-LTV local audience rather than a student-only audience. | Instagram HTTP 429 | name source: google_business_profile | website category match: remodel | market affinity: exact city address or core ZIP"
2026-08-24,"Athens, GA",Athens Scoop,athensscoop.com,business law,David Crowe Law Offices,https://www.instagram.com/davidcrowelawoffices/,davidcrowelawoffices,http://www.lawofficeofdavidcrowe.com/,your Google profile,marketing,"homeowners, families, and business owners",business law work,business law resource,"10,000+ Athens homeowners, families, and business owners","Hi David Crowe Law Offices! I found you through your Google profile and wanted to reach out. We run Athens Scoop, a local email publication read by 10,000+ Athens-area locals.

We’re choosing one business law firm as our exclusive partner, meaning we won’t work with a competing business law firm. David Crowe Law Offices looked like a strong fit.

Worth a quick look? I can send a 2-minute rundown right here, no call needed.

Andrew",4,new,,"Athens context: 10,000 subscribers, 15,000 Instagram followers, and a high-LTV local audience rather than a student-only audience. | Instagram HTTP 429 | name source: google_business_profile | website category match: legal | market affinity: exact city address or core ZIP"
2026-08-24,"Athens, GA",Athens Scoop,athensscoop.com,business law,Christopher Simon Attorney at Law,https://www.instagram.com/christophersimonattorneyatlaw/,christophersimonattorneyatlaw,https://www.simoninjurylawyers.com/athens-personal-injury-lawyer/,your Google profile,marketing,"homeowners, families, and business owners",business law work,business law resource,"10,000+ Athens homeowners, families, and business owners","Hi Christopher Simon Attorney at Law! I found you through your Google profile and wanted to reach out. We run Athens Scoop, a local email publication read by 10,000+ Athens-area locals.

We’re choosing one business law firm as our exclusive partner, meaning we won’t work with a competing business law firm. Christopher Simon Attorney at Law looked like a strong fit.

Worth a quick look? I can send a 2-minute rundown right here, no call needed.

Andrew",4,new,,"Athens context: 10,000 subscribers, 15,000 Instagram followers, and a high-LTV local audience rather than a student-only audience. | Instagram HTTP 429 | name source: google_business_profile | website category match: attorney | market affinity: exact city address or core ZIP"
2026-08-24,"Athens, GA",Athens Scoop,athensscoop.com,interior design,Agora Vintage,https://www.instagram.com/agora_vintage/,agora_vintage,https://agoravintage.com/,your Google profile,marketing,homeowners and families,interior design work,home design choice,"10,000+ Athens homeowners and families","Hi Agora Vintage! I found you through your Google profile and wanted to reach out. We run Athens Scoop, a local email publication read by 10,000+ Athens-area locals.

We’re choosing one interior design studio as our exclusive partner, meaning we won’t work with a competing interior design firm. Agora Vintage looked like a strong fit.

Worth a quick look? I can send a 2-minute rundown right here, no call needed.

Andrew",4,new,,"Athens context: 10,000 subscribers, 15,000 Instagram followers, and a high-LTV local audience rather than a student-only audience. | Instagram HTTP 429 | name source: google_business_profile | website category match: designer | market affinity: exact city address or core ZIP"
